<?xml version="1.0" encoding="UTF-8"?>
<beans xmlns="http://www.springframework.org/schema/beans"
	xmlns:xsi="http://www.w3.org/2001/XMLSchema-instance" xmlns:tx="http://www.springframework.org/schema/tx"
	xmlns:mvc="http://www.springframework.org/schema/mvc" xmlns:context="http://www.springframework.org/schema/context"
	xmlns:aop="http://www.springframework.org/schema/aop"
	xsi:schemaLocation="
		http://www.springframework.org/schema/beans 
		http://www.springframework.org/schema/beans/spring-beans.xsd 
		http://www.springframework.org/schema/tx 
		http://www.springframework.org/schema/tx/spring-tx.xsd 
	    http://www.springframework.org/schema/mvc
         http://www.springframework.org/schema/mvc/spring-mvc.xsd
		http://www.springframework.org/schema/context 
		http://www.springframework.org/schema/context/spring-context.xsd
		http://www.springframework.org/schema/aop
		http://www.springframework.org/schema/aop/spring-aop.xsd"
	default-lazy-init="false">
	
    <mvc:annotation-driven >
		<mvc:message-converters register-defaults="true">
		<bean
				class="org.springframework.http.converter.json.MappingJackson2HttpMessageConverter">
				<property name="supportedMediaTypes">
					<list>
						<value>application/json;charset=UTF-8</value>
						<value>text/html;charset=UTF-8</value>
					</list>
				</property>
				<!-- jackson 值为null的属性不转换 -->
				<property name="objectMapper">
                    <bean class="com.fasterxml.jackson.databind.ObjectMapper">
                        <property name="serializationInclusion">
                            <value type="com.fasterxml.jackson.annotation.JsonInclude.Include">NON_NULL</value>
                        </property>
                    </bean>
				</property>
				
			</bean>
			 <!--<bean id= "conversionService" class= "org.springframework.format.articleSupport.FormattingConversionServiceFactoryBean">
    			<property name="converters">
       			<list>
        		</list>
    			</property>
			</bean> -->
          			
			<bean class="org.springframework.http.converter.StringHttpMessageConverter">
				<constructor-arg value="UTF-8" />
			</bean>
			
		</mvc:message-converters>
	</mvc:annotation-driven>
	
	
	 <!--启用AspectJ自动代理-->
	 <aop:aspectj-autoproxy proxy-target-class="true"/>
	 
	 
	<!-- 只扫描Controller 注解 -->
		
		<context:component-scan base-package="com.cz"
		use-default-filters="false">
		<context:include-filter type="annotation"
			expression="org.springframework.stereotype.Controller" />
		<!-- <context:include-filter type="annotation" expression="com.cz.fungo.frame.annotation.SecurityApi"/> -->
	</context:component-scan>
	<!--<context:component-scan base-package="com.cz.fungo.frame.annotation"/>-->

	<mvc:resources mapping="/images/**" location="/images/" />
	<mvc:resources mapping="/js/**" location="/js/" />
	<mvc:resources mapping="/css/**" location="/css/" />
	<mvc:resources mapping="/layer-v3.0.3/**" location="/layer-v3.0.3/" />
	<mvc:resources mapping="/layui/**" location="/layui/" />
	<mvc:resources mapping="/ace/**" location="/ace/" />
	<mvc:resources location="/upload/" mapping="/upload/**"/>
	<mvc:resources location="/web/" mapping="/web/**"/>
	<mvc:resources location="/shareApp/" mapping="/shareApp/**"/>
	<mvc:resources location="/sound/" mapping="/sound/**"/>
	
	<!-- 全局异常配置 start -->
	<bean class="org.springframework.web.servlet.handler.SimpleMappingExceptionResolver">
		<property name="exceptionMappings">
			<props>
				<prop key="java.lang.Exception">/common/500</prop>
				<prop key="java.lang.Throwable">/common/404</prop>
			</props>
		</property>
		<!--  
		<property name="statusCodes">
			<props>
				<prop key="errors/error">500</prop>
				<prop key="errors/404">404</prop>
			</props>
		</property>
		-->
		<!--定义异常处理页面用来获取异常信息的变量名，默认名value为exception-->
		<property name="exceptionAttribute" value="ex"></property>  
		<!-- 设置日志输出级别，不定义则默认不输出警告等错误日志信息 -->
		<property name="warnLogCategory" value="WARN"></property>
		<!-- 默认错误页面，当找不到上面mappings中指定的异常对应视图时，使用本默认配置 -->
		<property name="defaultErrorView" value="error"></property>
		<!-- 默认HTTP状态码 -->
		<property name="defaultStatusCode" value="500"></property>
	</bean>
	<!-- 全局异常配置 end -->
	
	

	<bean id="viewResolver"
		class="org.springframework.web.servlet.view.freemarker.FreeMarkerViewResolver">
		<!--  -->
	    <property name="viewClass"  value="com.cz.base.frame.common.StaticHtmlFreeMarkerView" />
		
		<property name="requestContextAttribute" value="ctp" />
		<property name="cache" value="true" />
		<property name="prefix" value="" />
		<property name="suffix" value=".html" />
		<property name="contentType" value="text/html;charset=UTF-8" />
		<property name="order" value="0" />
	</bean>
	
	 <bean id="jspViewResolver" class="org.springframework.web.servlet.view.InternalResourceViewResolver">  
        <property name="viewClass"  value="org.springframework.web.servlet.view.JstlView" />  
        <property name="prefix"  value="/WEB-INF/jsp/" />  
        <property name="suffix"  value=".jsp"/>  
        <property name="order" value="1" />
    </bean>  

	<bean id="multipartResolver"
		class="org.springframework.web.multipart.commons.CommonsMultipartResolver">
		<property name="defaultEncoding" value="UTF-8" /> <!-- 默认编码 (ISO-8859-1) -->
		<property name="maxInMemorySize" value="10240" /> <!-- 最大内存大小 (10240) -->
		<property name="uploadTempDir" value="/upload/" /> <!-- 上传后的目录名 (WebUtils#TEMP_DIR_CONTEXT_ATTRIBUTE) -->
		<property name="maxUploadSize" value="10485760" /> <!-- 最大文件大小，-1为无限止(-1) -->
	</bean>


<!--<mvc:interceptors>-->
	<!--&lt;!&ndash;使用bean定义一个Interceptor，直接定义在mvc:interceptors根下面的Interceptor将拦截所有的请求-->
    <!--<bean class="com.cz.fungo.system.interceptor.ApiIntercepetor"/>&ndash;&gt;-->
    <!--<mvc:interceptor>  -->
        <!--<mvc:mapping path="/app/**/json"/>-->
		<!--&lt;!&ndash;定义在mvc:interceptor下面的表示是对特定的请求才进行拦截的  &ndash;&gt;-->
        <!--<bean class="com.cz.fungo.system.interceptor.TokenInterceptor">-->
		<!--</bean>-->

    <!--</mvc:interceptor>-->
<!--</mvc:interceptors>-->

<import resource="classpath*:mvc/applicationContext-mvc-share.xml" />

</beans>