<?xml version="1.0" encoding="UTF-8"?>
<beans xmlns="http://www.springframework.org/schema/beans"
	xmlns:xsi="http://www.w3.org/2001/XMLSchema-instance" xmlns:tx="http://www.springframework.org/schema/tx"
	xmlns:mvc="http://www.springframework.org/schema/mvc" xmlns:context="http://www.springframework.org/schema/context"
	xmlns:aop="http://www.springframework.org/schema/aop"
	xsi:schemaLocation="
		http://www.springframework.org/schema/beans 
		http://www.springframework.org/schema/beans/spring-beans.xsd 
		http://www.springframework.org/schema/tx 
		http://www.springframework.org/schema/tx/spring-tx.xsd 
	    http://www.springframework.org/schema/mvc
         http://www.springframework.org/schema/mvc/spring-mvc.xsd
		http://www.springframework.org/schema/context 
		http://www.springframework.org/schema/context/spring-context.xsd
		http://www.springframework.org/schema/aop
		http://www.springframework.org/schema/aop/spring-aop.xsd"
	default-lazy-init="false">
	
	
	

	<bean id="freemarkerConfiguration"
		class="org.springframework.beans.factory.config.PropertiesFactoryBean">
		<property name="location" value="classpath:freemarker.properties" />
	</bean>
	
	<bean id="freeMarkerConfigurer"
		class="org.springframework.web.servlet.view.freemarker.FreeMarkerConfigurer">
		<property name="templateLoaderPath" value="/WEB-INF/freemarker/" />
		<property name="defaultEncoding" value="UTF-8" />
		<property name="freemarkerSettings" ref="freemarkerConfiguration" />
		<property name="freemarkerVariables">  
            <map>   
                <entry key="shiro"  value-ref="shiroTags"/>   
                
                <!-- CMS 标签 -->
               <!--  <entry key="cms_channel_list"  value-ref="channelListDirective"/>    -->
            </map>   
        </property>  
	</bean>
	

</beans>